skill_name,category,SKILL.md,references,scripts,requires_openclaw,requires_shell,requires_browser,requires_ffmpeg,requires_network,requires_llm,requires_profile,requires_publish_account,migration_complexity,status
ai-image-gen,produce,skills/openclaw/ai-image-gen/SKILL.md,,,false,true,false,false,true,true,true,false,medium,ADAPTER_REQUIRED
ai-music,produce,skills/openclaw/ai-music/SKILL.md,,,false,true,false,false,true,true,false,false,medium,ADAPTER_REQUIRED
ai-video-gen,produce,skills/openclaw/ai-video-gen/SKILL.md,,,false,true,false,true,true,true,true,false,medium,ADAPTER_REQUIRED
asset-manager,general,skills/openclaw/asset-manager/SKILL.md,,scripts/assets.py,false,true,false,false,true,true,true,false,medium,ADAPTER_REQUIRED
audio-denoise,produce,skills/openclaw/audio-denoise/SKILL.md,,,false,true,false,true,true,true,true,false,medium,ADAPTER_REQUIRED
audio-editing,produce,skills/openclaw/audio-editing/SKILL.md,,,false,true,false,true,false,true,true,false,medium,ADAPTER_REQUIRED
audio-mix,produce,skills/openclaw/audio-mix/SKILL.md,,,false,true,false,true,false,false,false,false,medium,ADAPTER_REQUIRED
audio-visualizer,produce,skills/openclaw/audio-visualizer/SKILL.md,,,false,true,false,true,false,false,true,false,medium,ADAPTER_REQUIRED
auto-short-video,produce,skills/openclaw/auto-short-video/SKILL.md,,scripts/assemble.py,false,true,false,false,true,false,true,false,medium,ADAPTER_REQUIRED
auto-subtitle,produce,skills/openclaw/auto-subtitle/SKILL.md,,,false,true,false,true,true,true,true,false,medium,ADAPTER_REQUIRED
batch-process,general,skills/openclaw/batch-process/SKILL.md,,,false,true,false,false,false,false,false,false,medium,ADAPTER_REQUIRED
beat-sync-video,produce,skills/openclaw/beat-sync-video/SKILL.md,,,false,true,false,false,false,false,true,false,medium,ADAPTER_REQUIRED
card-design,produce,skills/openclaw/card-design/SKILL.md,references/anti-ai-slop.md;references/card-recipes.md;references/layout-laws.md;references/palettes.md;references/styles.md;references/typography.md,scripts/card_audit.py,false,true,false,false,false,true,true,false,medium,ADAPTER_REQUIRED
card-quote,produce,skills/openclaw/card-quote/SKILL.md,,,false,true,true,false,false,false,false,false,high,ADAPTER_REQUIRED
card-xiaohongshu,produce,skills/openclaw/card-xiaohongshu/SKILL.md,,,false,true,true,false,false,false,true,false,high,ADAPTER_REQUIRED
chart-visualization,produce,skills/openclaw/chart-visualization/SKILL.md,,,false,true,false,false,true,false,false,false,medium,ADAPTER_REQUIRED
clipify,produce,skills/openclaw/clipify/SKILL.md,,scripts/analyze.py;scripts/audio_align.py;scripts/build_ass.py;scripts/build_pan.py,false,true,false,true,false,false,false,false,medium,ADAPTER_REQUIRED
comparison-card,produce,skills/openclaw/comparison-card/SKILL.md,references/comparison-template.html,,false,true,true,false,false,false,true,false,high,ADAPTER_REQUIRED
copywriting,produce,skills/openclaw/copywriting/SKILL.md,references/copy-frameworks.md;references/natural-transitions.md;references/writing-style-rules.md,,false,true,false,false,true,true,true,false,medium,ADAPTER_REQUIRED
data-report,produce,skills/openclaw/data-report/SKILL.md,,scripts/report.py,false,true,false,false,true,false,true,false,medium,ADAPTER_REQUIRED
doc-convert,produce,skills/openclaw/doc-convert/SKILL.md,,,false,true,true,false,false,false,false,true,high,ADAPTER_REQUIRED
ecom-details-image,produce,skills/openclaw/ecom-details-image/SKILL.md,references/campaign-style-lock.md;references/image-gen-rules.md;references/pdp-sequences.md;references/templates.md;references/templates/01-hero-image.json;references/templates/02-lifestyle-scene.json;references/templates/03-flat-lay.json;references/templates/04-detail-macro.json;references/templates/05-poster-banner.json;references/templates/06-social-media.json;references/templates/07-ugc-style.json;references/templates/08-model-showcase.json;references/templates/09-before-after.json;references/templates/10-packaging.json;references/templates/11-infographic.json;references/templates/12-creative-concept.json;references/templates/13-size-spec.json;references/templates/14-multi-product.json;references/templates/15-livestream.json;references/templates/16-try-on-virtual.json;references/templates/17-exploded-view.json;references/templates/18-ghost-mannequin.json;references/templates/19-multi-angle-grid.json;references/templates/20-magazine-editorial.json;references/templates/21-seasonal-campaign.json;references/templates/22-luxury-atmospherics.json;references/templates/23-device-mockup.json;references/templates/24-storefront.json;references/templates/25-sports-campaign.json,scripts/generate_image.py,false,true,false,false,true,true,true,false,medium,ADAPTER_REQUIRED
green-screen,produce,skills/openclaw/green-screen/SKILL.md,,,false,true,false,true,false,true,false,false,medium,ADAPTER_REQUIRED
gzh-design,produce,skills/openclaw/gzh-design/SKILL.md,references/common-components.md;references/eval-cases.md;references/format-normalize.md;references/theme-generator.md;references/theme-graphite-minimal.md;references/theme-index.md;references/theme-moyu-green.md;references/theme-moyu-ticket.md;references/theme-olive-journal.md;references/theme-red-white.md;references/theme-zen-whitespace.md,scripts/component_lint.py;scripts/extract_docx.py;scripts/validate_gzh_html.py;scripts/wrap_preview.py,false,true,true,false,true,true,false,false,high,ADAPTER_REQUIRED
image-editing,produce,skills/openclaw/image-editing/SKILL.md,references/platform-sizes.md,,false,true,false,false,false,false,true,false,medium,ADAPTER_REQUIRED
image-enhance,produce,skills/openclaw/image-enhance/SKILL.md,,,false,true,false,false,false,true,false,false,medium,ADAPTER_REQUIRED
infographic,produce,skills/openclaw/infographic/SKILL.md,references/antv-templates.md;references/gif-charts.md,scripts/gif_chart.py,false,true,true,false,true,false,false,false,high,ADAPTER_REQUIRED
meme-generator,produce,skills/openclaw/meme-generator/SKILL.md,,,false,true,false,false,false,false,false,false,medium,ADAPTER_REQUIRED
mindmap,produce,skills/openclaw/mindmap/SKILL.md,,,false,true,true,false,true,true,false,false,high,ADAPTER_REQUIRED
multi-voice-dubbing,produce,skills/openclaw/multi-voice-dubbing/SKILL.md,,,false,true,false,true,true,true,true,false,medium,ADAPTER_REQUIRED
novel-writer,produce,skills/openclaw/novel-writer/SKILL.md,references/consistency-rules.md;references/platform-specs.md;references/scene-card-schema.md;references/web-novel-methodology.md,scripts/novel_ops.py,false,true,false,false,false,true,true,true,high,ADAPTER_REQUIRED
paper-explainer,produce,skills/openclaw/paper-explainer/SKILL.md,references/explain-methodology.md;references/paper-distill-schema.md;references/platform-adapt.md;references/slide-design.md;references/slide-plan.example.json;references/slide-plan.style-transfer.example.json;references/video-storyboard.md,scripts/paper_ingest.py;scripts/render_slides.py,false,true,false,false,false,true,true,true,high,ADAPTER_REQUIRED
post-formatter,produce,skills/openclaw/post-formatter/SKILL.md,references/formatting.md;references/frameworks.md,,false,true,false,false,false,false,true,false,medium,ADAPTER_REQUIRED
poster-hero,produce,skills/openclaw/poster-hero/SKILL.md,,,false,true,true,false,false,false,true,false,high,ADAPTER_REQUIRED
remove-bg,produce,skills/openclaw/remove-bg/SKILL.md,,,false,true,false,false,false,true,false,false,medium,ADAPTER_REQUIRED
roi-calculator,attribute,skills/openclaw/roi-calculator/SKILL.md,references/benchmarks.md,scripts/calc.py,false,true,false,false,true,true,true,false,medium,ADAPTER_REQUIRED
short-drama,produce,skills/openclaw/short-drama/SKILL.md,references/causal-beats.md;references/character-consistency.md;references/dialogue-craft.md;references/drama-review-rubric.md;references/four-act-drama.md;references/genre-hooks-handbook.md;references/native-audio-workflow.md;references/satisfaction-and-villain.md;references/series-bible-schema.md;references/shot-prompt-format.md;references/story-engine.md;references/vertical-pacing.md,scripts/drama_ops.py;scripts/dubbing.py,false,true,false,true,true,true,true,true,high,ADAPTER_REQUIRED
skill-account-diagnosis,plan,skills/openclaw/skill-account-diagnosis/SKILL.md,references/diagnosis-framework.md,,false,false,false,false,false,true,true,false,medium,ADAPTER_REQUIRED
skill-algorithm-updates,discover,skills/openclaw/skill-algorithm-updates/SKILL.md,references/algorithm-vocabulary.md;references/platform-sources.md,,false,false,false,false,true,true,true,false,medium,ADAPTER_REQUIRED
skill-article-outline,plan,skills/openclaw/skill-article-outline/SKILL.md,,,false,false,false,false,true,false,true,false,medium,ADAPTER_REQUIRED
skill-audience-profiler,plan,skills/openclaw/skill-audience-profiler/SKILL.md,references/profiling-frameworks.md,,false,false,false,false,true,false,true,false,medium,ADAPTER_REQUIRED
skill-bilibili-upload,publish,skills/openclaw/skill-bilibili-upload/SKILL.md,,scripts/bili_upload.py,false,true,true,false,true,false,true,true,high,ADAPTER_REQUIRED
skill-brand-onboarding,plan,skills/openclaw/skill-brand-onboarding/SKILL.md,references/profile-templates.md,,false,false,false,false,true,false,true,false,medium,ADAPTER_REQUIRED
skill-campaign-planner,plan,skills/openclaw/skill-campaign-planner/SKILL.md,references/campaign-frameworks.md,,false,false,false,false,false,true,true,true,high,ADAPTER_REQUIRED
skill-carousel-planner,plan,skills/openclaw/skill-carousel-planner/SKILL.md,references/format-specs.md;references/hook-library.md;references/scoring-system.md,,false,false,false,false,false,false,true,false,low,PORTABLE
skill-channels-upload,publish,skills/openclaw/skill-channels-upload/SKILL.md,,,false,true,true,false,false,false,true,true,high,ADAPTER_REQUIRED
skill-collab-proposal,plan,skills/openclaw/skill-collab-proposal/SKILL.md,references/kol-pricing-guide.md;references/proposal-templates.md,,false,false,false,false,true,false,true,false,medium,ADAPTER_REQUIRED
skill-comment-insights,attribute,skills/openclaw/skill-comment-insights/SKILL.md,,scripts/comment_insights.py,false,true,false,false,true,true,false,false,medium,ADAPTER_REQUIRED
skill-community-ops,publish,skills/openclaw/skill-community-ops/SKILL.md,references/crisis-grading.md;references/platform-comment-ecology.md;references/reply-playbook.md;references/topic-mining.md,,false,false,false,false,false,true,true,false,low,PORTABLE
skill-competitor-analysis,discover,skills/openclaw/skill-competitor-analysis/SKILL.md,references/analysis-templates.md;references/data-collection.md;references/viral-patterns.md,,false,false,false,false,true,false,true,true,high,ADAPTER_REQUIRED
skill-content-calendar,plan,skills/openclaw/skill-content-calendar/SKILL.md,references/content-mix-guide.md,,false,true,false,false,true,true,true,false,medium,ADAPTER_REQUIRED
skill-content-calendar-log,attribute,skills/openclaw/skill-content-calendar-log/SKILL.md,,,false,true,false,false,true,false,true,true,high,ADAPTER_REQUIRED
skill-content-gap-analysis,discover,skills/openclaw/skill-content-gap-analysis/SKILL.md,references/demand-signals.md;references/scoring-model.md,,false,true,false,false,true,true,true,false,medium,ADAPTER_REQUIRED
skill-content-matrix,plan,skills/openclaw/skill-content-matrix/SKILL.md,references/content-formats.md,,false,false,false,false,false,true,true,false,low,PORTABLE
skill-content-postmortem,attribute,skills/openclaw/skill-content-postmortem/SKILL.md,references/postmortem-dimensions.md,scripts/aggregate.py,false,true,false,false,false,true,true,false,medium,ADAPTER_REQUIRED
skill-content-repurposing,publish,skills/openclaw/skill-content-repurposing/SKILL.md,references/conversion-recipes.md;references/platform-specs.md,,false,false,false,false,true,false,true,false,medium,ADAPTER_REQUIRED
skill-content-strategy,plan,skills/openclaw/skill-content-strategy/SKILL.md,references/strategy-frameworks.md,,false,false,false,false,true,false,true,false,medium,ADAPTER_REQUIRED
skill-cross-platform-diff,discover,skills/openclaw/skill-cross-platform-diff/SKILL.md,references/platform-traits.md,,false,false,false,false,true,false,true,false,medium,ADAPTER_REQUIRED
skill-cross-platform-publish,publish,skills/openclaw/skill-cross-platform-publish/SKILL.md,,scripts/publish_dispatch.py,false,true,false,false,false,true,true,true,high,ADAPTER_REQUIRED
skill-data-tracker,attribute,skills/openclaw/skill-data-tracker/SKILL.md,,scripts/track.py,false,true,false,false,false,true,true,true,high,ADAPTER_REQUIRED
skill-douyin-upload,publish,skills/openclaw/skill-douyin-upload/SKILL.md,,,false,true,true,false,false,false,true,true,high,ADAPTER_REQUIRED
skill-event-calendar,discover,skills/openclaw/skill-event-calendar/SKILL.md,references/events-china.md,scripts/lunar.py,false,true,false,false,true,false,true,false,medium,ADAPTER_REQUIRED
skill-hook-generator,plan,skills/openclaw/skill-hook-generator/SKILL.md,references/hook-formulas.md,,false,true,false,false,false,false,true,false,medium,ADAPTER_REQUIRED
skill-kuaishou-upload,publish,skills/openclaw/skill-kuaishou-upload/SKILL.md,,,false,true,true,false,false,false,true,true,high,ADAPTER_REQUIRED
skill-livestream,plan,skills/openclaw/skill-livestream/SKILL.md,references/livestream-playbook.md;references/output-template.md,,false,false,false,false,true,false,true,false,medium,ADAPTER_REQUIRED
skill-my-account,general,skills/openclaw/skill-my-account/SKILL.md,references/commands.md,,false,true,true,false,true,false,true,true,high,ADAPTER_REQUIRED
skill-news-intelligence,discover,skills/openclaw/skill-news-intelligence/SKILL.md,,scripts/daily_briefing.py;scripts/fetch_news.py;scripts/rss_parser.py,false,true,false,false,true,false,true,false,medium,ADAPTER_REQUIRED
skill-persona-check,publish,skills/openclaw/skill-persona-check/SKILL.md,,,false,false,false,false,false,true,true,true,high,ADAPTER_REQUIRED
skill-positioning-analysis,plan,skills/openclaw/skill-positioning-analysis/SKILL.md,references/positioning-frameworks.md,,false,false,false,false,true,true,true,false,medium,ADAPTER_REQUIRED
skill-post-scorer,attribute,skills/openclaw/skill-post-scorer/SKILL.md,references/fallback-benchmarks.md;references/scoring-criteria.md,scripts/score.py,false,true,false,false,false,true,true,true,high,ADAPTER_REQUIRED
skill-profile-builder,general,skills/openclaw/skill-profile-builder/SKILL.md,references/onboarding-questions.md;references/social-link-analysis.md,,false,false,false,false,true,true,true,false,medium,ADAPTER_REQUIRED
skill-profile-manager,general,skills/openclaw/skill-profile-manager/SKILL.md,,,false,false,false,false,false,false,true,false,medium,ADAPTER_REQUIRED
skill-publish-analytics,attribute,skills/openclaw/skill-publish-analytics/SKILL.md,references/follower-log-schema.md,scripts/analyze.py,false,true,false,false,false,true,true,true,high,ADAPTER_REQUIRED
skill-publish-checklist,publish,skills/openclaw/skill-publish-checklist/SKILL.md,,,false,false,false,false,false,false,true,true,high,ADAPTER_REQUIRED
skill-publish-log,attribute,skills/openclaw/skill-publish-log/SKILL.md,,scripts/log.py,false,true,false,false,true,true,true,true,high,ADAPTER_REQUIRED
skill-publish-notify,publish,skills/openclaw/skill-publish-notify/SKILL.md,,scripts/notify.py,false,true,false,false,true,false,false,true,high,ADAPTER_REQUIRED
skill-publish-scheduler,publish,skills/openclaw/skill-publish-scheduler/SKILL.md,,scripts/publish_queue.py,false,true,true,false,true,false,false,true,high,ADAPTER_REQUIRED
skill-quality-gate,publish,skills/openclaw/skill-quality-gate/SKILL.md,references/general-rules.md;references/platform-bilibili.md;references/platform-douyin.md;references/platform-xiaohongshu.md;references/review-dimensions.md;references/review-levels.md;references/rework-rules.md,,false,false,false,false,false,false,true,false,medium,ADAPTER_REQUIRED
skill-risk-scanner,publish,skills/openclaw/skill-risk-scanner/SKILL.md,references/copyright-guide.md;references/washing-patterns.md,,false,false,false,false,true,true,true,true,high,ADAPTER_REQUIRED
skill-rss-aggregator,discover,skills/openclaw/skill-rss-aggregator/SKILL.md,,scripts/rss_digest.py,false,true,false,false,true,true,true,false,medium,ADAPTER_REQUIRED
skill-seo-quality,publish,skills/openclaw/skill-seo-quality/SKILL.md,references/platform-search.md;references/web-blog-seo.md,,false,false,false,false,true,false,true,false,medium,ADAPTER_REQUIRED
skill-short-link,publish,skills/openclaw/skill-short-link/SKILL.md,,scripts/shortlink.py,false,true,false,false,true,false,false,false,medium,ADAPTER_REQUIRED
skill-social-performance-review,attribute,skills/openclaw/skill-social-performance-review/SKILL.md,references/analysis-framework.md;references/benchmarks.md;references/report-template.md,scripts/review.py,false,true,true,false,false,false,true,true,high,ADAPTER_REQUIRED
skill-strategy-advisor,attribute,skills/openclaw/skill-strategy-advisor/SKILL.md,references/platform-benchmarks.md,,false,false,false,false,false,false,true,false,low,PORTABLE
skill-topic-evaluator,plan,skills/openclaw/skill-topic-evaluator/SKILL.md,,,false,false,false,false,true,false,true,false,medium,ADAPTER_REQUIRED
skill-trend-rider,plan,skills/openclaw/skill-trend-rider/SKILL.md,,,false,false,false,false,true,true,true,false,medium,ADAPTER_REQUIRED
skill-trending-topics,discover,skills/openclaw/skill-trending-topics/SKILL.md,,,false,false,false,false,true,false,true,false,medium,ADAPTER_REQUIRED
skill-ugc-discovery,discover,skills/openclaw/skill-ugc-discovery/SKILL.md,,,false,false,false,false,true,false,true,false,medium,ADAPTER_REQUIRED
skill-voice-builder,plan,skills/openclaw/skill-voice-builder/SKILL.md,references/interview-questions.md;references/sample-content.md;references/voice-analysis-dimensions.md,,false,false,false,false,false,true,true,false,low,PORTABLE
skill-wechat-publisher,publish,skills/openclaw/skill-wechat-publisher/SKILL.md,references/anti-ai-checklist.md;references/api_reference.md;references/article-structures.md;references/errors.md;references/image-styles-guide.md;references/inline-markup.md;references/multi-platform-sync.md;references/newspic-mode.md;references/themes.md;references/typeset-card.md,scripts/ai_score.py;scripts/api.py;scripts/baoyu_image_gen.ts;scripts/baoyu_image_gen_core.ts;scripts/config.py;scripts/generate_image.py;scripts/html_converter.py;scripts/image_handler.py;scripts/multi_publish.py;scripts/newspic_build.py;scripts/publish.py;scripts/sync_pages.sh;scripts/wechat_api.py;scripts/wechat_token.py,false,true,true,false,true,true,true,true,high,ADAPTER_REQUIRED
skill-xhs-analyzer,attribute,skills/openclaw/skill-xhs-analyzer/SKILL.md,references/commands.md;references/modules.md;references/platform-signals.md;references/research-loop.md;references/technical-reference.md,scripts/postinstall.js;scripts/preuninstall.js,false,true,true,false,true,true,true,true,high,ADAPTER_REQUIRED
skill-xhs-comment-reply,publish,skills/openclaw/skill-xhs-comment-reply/SKILL.md,references/commands.md,,false,true,true,false,true,false,true,true,high,ADAPTER_REQUIRED
skill-xhs-publisher,publish,skills/openclaw/skill-xhs-publisher/SKILL.md,references/commands.md,,false,true,true,false,true,false,true,true,high,ADAPTER_REQUIRED
skill-zhihu-answer,publish,skills/openclaw/skill-zhihu-answer/SKILL.md,references/commands.md,,false,true,true,false,true,true,true,true,high,ADAPTER_REQUIRED
skill-zhihu-publisher,publish,skills/openclaw/skill-zhihu-publisher/SKILL.md,,,false,true,true,false,false,true,true,true,high,ADAPTER_REQUIRED
slideshow-video,produce,skills/openclaw/slideshow-video/SKILL.md,,,false,true,false,false,false,false,true,false,medium,ADAPTER_REQUIRED
social-content,produce,skills/openclaw/social-content/SKILL.md,references/content-formats.md;references/hashtag-strategy.md;references/platform-specs.md,,false,true,false,false,false,true,true,false,medium,ADAPTER_REQUIRED
style-transfer,produce,skills/openclaw/style-transfer/SKILL.md,references/style-rules.md,,false,false,false,false,false,true,true,false,low,PORTABLE
subtitle-translate,produce,skills/openclaw/subtitle-translate/SKILL.md,,,false,true,false,true,false,true,false,false,medium,ADAPTER_REQUIRED
template-library,general,skills/openclaw/template-library/SKILL.md,,scripts/templates.py,false,true,false,false,false,true,true,false,medium,ADAPTER_REQUIRED
text-condenser,produce,skills/openclaw/text-condenser/SKILL.md,,,false,true,false,false,false,true,true,false,medium,ADAPTER_REQUIRED
text-polisher,produce,skills/openclaw/text-polisher/SKILL.md,references/checklist.md;references/content-refresh.md;references/phrases-to-remove.md;references/plain-english-alternatives.md;references/structures-to-avoid.md;references/zh-ai-markers.md,,false,false,false,false,true,true,true,true,high,ADAPTER_REQUIRED
tts-voiceover,produce,skills/openclaw/tts-voiceover/SKILL.md,,,false,true,false,true,true,true,true,false,medium,ADAPTER_REQUIRED
video-chapters,produce,skills/openclaw/video-chapters/SKILL.md,,,false,true,false,false,false,true,false,false,medium,ADAPTER_REQUIRED
video-editing,produce,skills/openclaw/video-editing/SKILL.md,,,false,true,false,true,false,false,false,false,medium,ADAPTER_REQUIRED
video-highlights,produce,skills/openclaw/video-highlights/SKILL.md,,,false,true,false,false,false,true,true,false,medium,ADAPTER_REQUIRED
video-intro-outro,produce,skills/openclaw/video-intro-outro/SKILL.md,,,false,true,false,true,false,false,true,false,medium,ADAPTER_REQUIRED
video-production,produce,skills/openclaw/video-production/SKILL.md,,scripts/video_pipeline.py,false,true,false,false,true,true,false,false,medium,ADAPTER_REQUIRED
video-reframe,produce,skills/openclaw/video-reframe/SKILL.md,,,false,true,false,false,false,false,true,false,medium,ADAPTER_REQUIRED
video-script,produce,skills/openclaw/video-script/SKILL.md,references/retention-scripting-guide.md,,false,true,false,false,false,false,true,false,medium,ADAPTER_REQUIRED
video-strategy,produce,skills/openclaw/video-strategy/SKILL.md,references/ai-video-prompting.md;references/edit-anatomy.md,,false,true,false,true,true,true,true,false,medium,ADAPTER_REQUIRED
video-to-article,produce,skills/openclaw/video-to-article/SKILL.md,,,false,true,false,true,false,true,true,false,medium,ADAPTER_REQUIRED
voice-clone,produce,skills/openclaw/voice-clone/SKILL.md,,,false,true,false,false,true,true,false,false,medium,ADAPTER_REQUIRED
xhs-note-creator,produce,skills/openclaw/xhs-note-creator/SKILL.md,references/image-sourcing.md;references/material-intake.md;references/meta-schema.md;references/output-spec.md;references/reference-search.md;references/xiaohongshu-viral-methodology.md,scripts/analyze_material.py;scripts/collage_3x4.py;scripts/crop_watermark.py;scripts/normalize_slug.py;scripts/text_on_image.py;scripts/validate_meta.py,false,true,true,true,true,true,true,true,high,ADAPTER_REQUIRED
